{
  "formula": {
    "quad_a": 428.08,
    "quad_b": -469.51,
    "quad_c": 128.64,
    "description": "y = 428.08 + (-469.51)*scale + (128.64)*scale\u00b2",
    "mae": 22.13
  },
  "camera": {
    "x": 480.0,
    "y": 180.415
  },
  "reference_lines": {
    "ground_y": 420.0,
    "horizon_y": 200.0
  },
  "assets": {
    "far": {
      "LotusPark": {
        "scale": 1.5865741500000001,
        "y": 5.0
      },
      "Hauskhas": {
        "scale": 0.740349115,
        "y": 109.225
      },
      "Hanuman": {
        "scale": 0.403,
        "y": 234.485
      }
    },
    "mid": {
      "Shop": {
        "scale": 0.24537032,
        "y": 311.0
      },
      "Restaurant": {
        "scale": 0.29814816,
        "y": 320.0
      },
      "Pharmacy": {
        "scale": 0.22175928,
        "y": 318.75
      },
      "BuildingGeneric": {
        "scale": 0.7500001,
        "y": 207.0
      },
      "TwoStoreyBuilding": {
        "scale": 0.43981484,
        "y": 231.0
      }
    },
    "front": {
      "Tree1": {
        "scale": 0.18885428,
        "y": 337.0354
      },
      "Tree2": {
        "scale": 0.24833338,
        "y": 309.99997
      },
      "Tree3": {
        "scale": 0.34281245,
        "y": 289.00003
      },
      "FruitStall": {
        "scale": 0.11333334,
        "y": 353.00003
      },
      "Billboard": {
        "scale": 0.088750035,
        "y": 378.0
      }
    },
    "ground": {
      "VimBase": {
        "scale": 0.15416665,
        "y": 427.72
      }
    },
    "road": {
      "scale": 0.24537037,
      "y": 458.0
    }
  }
}